{
	"credit": "Made with Blockbench",
	"textures": {
		"0": "clone/hopper_inside",
		"1": "clone/hopper_outside",
		"2": "clone/hopper_top",
		"particle": "clone/hopper_inside"
	},
	"elements": [
		{
			"name": "TopSide1",
			"from": [0, 11, 0],
			"to": [2.08, 16, 16],
			"rotation": {"angle": 0, "axis": "y", "origin": [8, 7, 8]},
			"faces": {
				"north": {"uv": [14, 0, 16, 5], "texture": "#1"},
				"east": {"uv": [0, 0, 16, 6], "texture": "#1"},
				"south": {"uv": [0, 0, 2, 5], "texture": "#1"},
				"west": {"uv": [0, 0, 16, 5], "texture": "#1"},
				"up": {"uv": [0, 0, 2, 16], "texture": "#2"}
			}
		},
		{
			"name": "TopSide2",
			"from": [13.95, 11, 0],
			"to": [16, 16, 16],
			"rotation": {"angle": 0, "axis": "y", "origin": [8, 7, 8]},
			"faces": {
				"north": {"uv": [0, 0, 2, 5], "texture": "#1"},
				"east": {"uv": [0, 0, 16, 5], "texture": "#1"},
				"south": {"uv": [14, 0, 16, 5], "texture": "#1"},
				"west": {"uv": [0, 0, 16, 6], "texture": "#1"},
				"up": {"uv": [0, 0, 2, 16], "texture": "#2"}
			}
		},
		{
			"name": "TopSide3",
			"from": [2, 11, 0],
			"to": [14, 16, 2.05],
			"rotation": {"angle": 0, "axis": "y", "origin": [8, 7, 8]},
			"faces": {
				"north": {"uv": [2, 0, 14, 5], "texture": "#1"},
				"south": {"uv": [2, 0, 14, 6], "texture": "#1"},
				"up": {"uv": [14, 4, 16, 16], "rotation": 270, "texture": "#2"}
			}
		},
		{
			"name": "TopSide4",
			"from": [2, 11, 13.9],
			"to": [14, 16, 16],
			"rotation": {"angle": 0, "axis": "y", "origin": [8, 7, 8]},
			"faces": {
				"north": {"uv": [2, 0, 14, 6], "texture": "#1"},
				"south": {"uv": [2, 0, 14, 5], "texture": "#1"},
				"up": {"uv": [14, 4, 16, 16], "rotation": 270, "texture": "#2"}
			}
		},
		{
			"name": "TopBottom",
			"from": [0, 9.9, 0],
			"to": [16, 11, 16],
			"rotation": {"angle": 0, "axis": "y", "origin": [8, 7, 8]},
			"faces": {
				"north": {"uv": [0, 5, 16, 6.1], "texture": "#1"},
				"east": {"uv": [0, 5, 16, 6.1], "texture": "#1"},
				"south": {"uv": [0, 5, 16, 6.1], "texture": "#1"},
				"west": {"uv": [0, 5, 16, 6.1], "texture": "#1"},
				"up": {"uv": [0, 0, 16, 16], "texture": "#0"},
				"down": {"uv": [0, 0, 16, 16], "texture": "#1"}
			}
		},
		{
			"name": "Bottom",
			"from": [4, 4, 4],
			"to": [12, 10, 12],
			"rotation": {"angle": 0, "axis": "y", "origin": [8, 7, 8]},
			"faces": {
				"north": {"uv": [4, 6, 12, 12], "texture": "#1"},
				"east": {"uv": [4, 6, 12, 12], "texture": "#1"},
				"south": {"uv": [4, 6, 12, 12], "texture": "#1"},
				"west": {"uv": [4, 6, 12, 12], "texture": "#1"},
				"up": {"uv": [4, 6, 12, 12], "texture": "#1"},
				"down": {"uv": [3, 5, 11, 11], "texture": "#1"}
			}
		}
	],
	"display": {
        "thirdperson_righthand": {
            "rotation": [ 75, 0, -10 ],
            "translation": [ -6.98, -3.33, 5.12 ],
            "scale": [ 1.01, 1.01, 1.01 ]
        }
	}
}