{
	"credit": "Model By CowsDaBest Using Blockbench",
	"textures": {
		"1": "clone/glass",
		"2": "clone/quartz_block_top",
		"particle": "clone/glass"
	},
	"elements": [
		{
			"from": [3.75, 15, 5.75],
			"to": [12.25, 16, 6.75],
			"faces": {
				"north": {"uv": [6, 0, 7, 16], "texture": "#2"},
				"east": {"uv": [6, 0, 7, 16], "texture": "#2"},
				"south": {"uv": [6, 0, 7, 16], "texture": "#2"},
				"west": {"uv": [6, 0, 7, 16], "texture": "#2"},
				"up": {"uv": [0, 9, 16, 10], "texture": "#2"},
				"down": {"uv": [0, 9, 16, 10], "texture": "#2"}
			}
		},
		{
			"from": [2.5, 15, 6.75],
			"to": [13.5, 16, 12],
			"faces": {
				"north": {"uv": [6, 0, 7, 16], "texture": "#2"},
				"east": {"uv": [6, 0, 7, 16], "texture": "#2"},
				"south": {"uv": [7, 1, 8, 15], "texture": "#2"},
				"west": {"uv": [6, 0, 7, 16], "texture": "#2"},
				"up": {"uv": [0, 1, 16, 16], "texture": "#2"},
				"down": {"uv": [0, 0, 16, 15], "texture": "#2"}
			}
		},
		{
			"from": [4.75, 15, 4.75],
			"to": [11.25, 16, 5.75],
			"faces": {
				"north": {"uv": [6, 0, 7, 16], "texture": "#2"},
				"east": {"uv": [6, 0, 7, 16], "texture": "#2"},
				"south": {"uv": [6, 0, 7, 16], "texture": "#2"},
				"west": {"uv": [6, 0, 7, 16], "texture": "#2"},
				"up": {"uv": [0, 12, 16, 13], "texture": "#2"},
				"down": {"uv": [0, 12, 16, 13], "texture": "#2"}
			}
		},
		{
			"from": [5.75, 15, 3.75],
			"to": [10.25, 16, 4.75],
			"faces": {
				"north": {"uv": [6, 0, 7, 16], "texture": "#2"},
				"east": {"uv": [6, 0, 7, 16], "texture": "#2"},
				"south": {"uv": [6, 0, 7, 16], "texture": "#2"},
				"west": {"uv": [6, 0, 7, 16], "texture": "#2"},
				"up": {"uv": [0, 6, 16, 7], "texture": "#2"},
				"down": {"uv": [0, 6, 16, 7], "texture": "#2"}
			}
		},
		{
			"from": [4.75, 16, 6.75],
			"to": [11.25, 17, 7.75],
			"faces": {
				"north": {"uv": [6, 0, 7, 16], "texture": "#2"},
				"east": {"uv": [6, 0, 7, 16], "texture": "#2"},
				"south": {"uv": [6, 0, 7, 16], "texture": "#2"},
				"west": {"uv": [6, 0, 7, 16], "texture": "#2"},
				"up": {"uv": [0, 9, 16, 10], "texture": "#2"},
				"down": {"uv": [0, 9, 16, 10], "texture": "#2"}
			}
		},
		{
			"from": [3.5, 16, 7.75],
			"to": [12.5, 17, 12],
			"faces": {
				"north": {"uv": [6, 0, 7, 16], "texture": "#2"},
				"east": {"uv": [6, 0, 7, 16], "texture": "#2"},
				"south": {"uv": [6, 1, 7, 15], "texture": "#2"},
				"west": {"uv": [6, 0, 7, 16], "texture": "#2"},
				"up": {"uv": [0, 1, 16, 16], "texture": "#2"},
				"down": {"uv": [0, 0, 16, 15], "texture": "#2"}
			}
		},
		{
			"from": [5.75, 16, 5.75],
			"to": [10.25, 17, 6.75],
			"faces": {
				"north": {"uv": [6, 0, 7, 16], "texture": "#2"},
				"east": {"uv": [6, 0, 7, 16], "texture": "#2"},
				"south": {"uv": [6, 0, 7, 16], "texture": "#2"},
				"west": {"uv": [6, 0, 7, 16], "texture": "#2"},
				"up": {"uv": [0, 12, 16, 13], "texture": "#2"},
				"down": {"uv": [0, 12, 16, 13], "texture": "#2"}
			}
		},
		{
			"from": [6.75, 16, 4.75],
			"to": [9.25, 17, 5.75],
			"faces": {
				"north": {"uv": [6, 0, 7, 16], "texture": "#2"},
				"east": {"uv": [6, 0, 7, 16], "texture": "#2"},
				"south": {"uv": [6, 0, 7, 16], "texture": "#2"},
				"west": {"uv": [6, 0, 7, 16], "texture": "#2"},
				"up": {"uv": [0, 6, 16, 7], "texture": "#2"},
				"down": {"uv": [0, 6, 16, 7], "texture": "#2"}
			}
		},
		{
			"from": [5.75, 17, 7.75],
			"to": [10.25, 18, 8.75],
			"faces": {
				"north": {"uv": [6, 0, 7, 16], "texture": "#2"},
				"east": {"uv": [6, 0, 7, 16], "texture": "#2"},
				"south": {"uv": [6, 0, 7, 16], "texture": "#2"},
				"west": {"uv": [6, 0, 7, 16], "texture": "#2"},
				"up": {"uv": [0, 9, 16, 10], "texture": "#2"},
				"down": {"uv": [0, 9, 16, 10], "texture": "#2"}
			}
		},
		{
			"from": [4.5, 17, 8.75],
			"to": [11.5, 18, 12],
			"faces": {
				"north": {"uv": [6, 0, 7, 16], "texture": "#2"},
				"east": {"uv": [6, 0, 7, 16], "texture": "#2"},
				"south": {"uv": [8, 1, 9, 15], "texture": "#2"},
				"west": {"uv": [6, 0, 7, 16], "texture": "#2"},
				"up": {"uv": [0, 1, 16, 16], "texture": "#2"},
				"down": {"uv": [0, 0, 16, 15], "texture": "#2"}
			}
		},
		{
			"from": [6.75, 17, 6.75],
			"to": [9.25, 18, 7.75],
			"faces": {
				"north": {"uv": [6, 0, 7, 16], "texture": "#2"},
				"east": {"uv": [6, 0, 7, 16], "texture": "#2"},
				"south": {"uv": [6, 0, 7, 16], "texture": "#2"},
				"west": {"uv": [6, 0, 7, 16], "texture": "#2"},
				"up": {"uv": [0, 12, 16, 13], "texture": "#2"},
				"down": {"uv": [0, 12, 16, 13], "texture": "#2"}
			}
		},
		{
			"from": [7.75, 17, 5.75],
			"to": [8.25, 18, 6.75],
			"faces": {
				"north": {"uv": [6, 0, 7, 16], "texture": "#2"},
				"east": {"uv": [6, 0, 7, 16], "texture": "#2"},
				"south": {"uv": [6, 0, 7, 16], "texture": "#2"},
				"west": {"uv": [6, 0, 7, 16], "texture": "#2"},
				"up": {"uv": [0, 6, 16, 7], "texture": "#2"},
				"down": {"uv": [0, 6, 16, 7], "texture": "#2"}
			}
		},
		{
			"from": [6.75, 18, 8.75],
			"to": [9.25, 19, 9.75],
			"faces": {
				"north": {"uv": [6, 0, 7, 16], "texture": "#2"},
				"east": {"uv": [6, 0, 7, 16], "texture": "#2"},
				"south": {"uv": [6, 0, 7, 16], "texture": "#2"},
				"west": {"uv": [6, 0, 7, 16], "texture": "#2"},
				"up": {"uv": [0, 9, 16, 10], "texture": "#2"},
				"down": {"uv": [0, 9, 16, 10], "texture": "#2"}
			}
		},
		{
			"from": [5.5, 18, 9.75],
			"to": [10.5, 19, 12],
			"faces": {
				"north": {"uv": [6, 0, 7, 16], "texture": "#2"},
				"east": {"uv": [6, 0, 7, 16], "texture": "#2"},
				"south": {"uv": [13, 1, 14, 15], "texture": "#2"},
				"west": {"uv": [6, 0, 7, 16], "texture": "#2"},
				"up": {"uv": [0, 1, 16, 16], "texture": "#2"},
				"down": {"uv": [0, 0, 16, 15], "texture": "#2"}
			}
		},
		{
			"from": [7.75, 18, 7.75],
			"to": [8.25, 19, 8.75],
			"faces": {
				"north": {"uv": [6, 0, 7, 16], "texture": "#2"},
				"east": {"uv": [6, 0, 7, 16], "texture": "#2"},
				"south": {"uv": [6, 0, 7, 16], "texture": "#2"},
				"west": {"uv": [6, 0, 7, 16], "texture": "#2"},
				"up": {"uv": [0, 12, 16, 13], "texture": "#2"},
				"down": {"uv": [0, 12, 16, 13], "texture": "#2"}
			}
		},
		{
			"from": [5.5, 18, 12],
			"to": [10.5, 19, 13],
			"faces": {
				"north": {"uv": [7, 1, 8, 15], "texture": "#2"},
				"east": {"uv": [7, 1, 8, 15], "texture": "#2"},
				"south": {"uv": [5, 0, 7, 14], "rotation": 90, "texture": "#2"},
				"west": {"uv": [7, 1, 8, 15], "texture": "#2"},
				"up": {"uv": [7, 1, 8, 15], "texture": "#2"},
				"down": {"uv": [7, 1, 8, 15], "texture": "#2"}
			}
		},
		{
			"from": [4.5, 17, 12],
			"to": [11.5, 18, 13],
			"faces": {
				"north": {"uv": [7, 1, 8, 15], "texture": "#2"},
				"east": {"uv": [7, 1, 8, 15], "texture": "#2"},
				"south": {"uv": [5, 0, 7, 14], "rotation": 90, "texture": "#2"},
				"west": {"uv": [7, 1, 8, 15], "texture": "#2"},
				"up": {"uv": [7, 1, 8, 15], "texture": "#2"},
				"down": {"uv": [7, 1, 8, 15], "texture": "#2"}
			}
		},
		{
			"from": [3.5, 16, 12],
			"to": [12.5, 17, 13],
			"faces": {
				"north": {"uv": [7, 1, 8, 15], "texture": "#2"},
				"east": {"uv": [7, 1, 8, 15], "texture": "#2"},
				"south": {"uv": [8, 1, 10, 15], "rotation": 90, "texture": "#2"},
				"west": {"uv": [7, 1, 8, 15], "texture": "#2"},
				"up": {"uv": [7, 1, 8, 15], "texture": "#2"},
				"down": {"uv": [7, 1, 8, 15], "texture": "#2"}
			}
		},
		{
			"from": [2.5, 1, 12],
			"to": [13.5, 16, 13.1],
			"faces": {
				"north": {"uv": [1, 1, 15, 15], "texture": "#2"},
				"east": {"uv": [7, 1, 8, 15], "texture": "#2"},
				"south": {"uv": [1, 1, 15, 15], "texture": "#2"},
				"west": {"uv": [7, 1, 8, 15], "texture": "#2"},
				"up": {"uv": [7, 1, 8, 15], "texture": "#2"},
				"down": {"uv": [7, 1, 8, 15], "texture": "#2"}
			}
		},
		{
			"from": [2.5, 0, 3.85],
			"to": [13.5, 1, 13.1],
			"faces": {
				"north": {"uv": [0.96, 6.93333, 7.93335, 12.41333], "texture": "#2"},
				"east": {"uv": [0.96, 6.93333, 7.93335, 12.41333], "texture": "#2"},
				"south": {"uv": [0.96, 6.93333, 7.93335, 12.41333], "texture": "#2"},
				"west": {"uv": [0.96, 6.93333, 7.93335, 12.41333], "texture": "#2"},
				"up": {"uv": [0, 0, 16, 16], "texture": "#2"},
				"down": {"uv": [0, 0, 16, 16], "texture": "#2"}
			}
		},
		{
			"from": [12, 1, 7],
			"to": [13, 15, 12],
			"faces": {
				"north": {"uv": [11, 1, 13, 14.5], "texture": "#1"},
				"east": {"uv": [1.5, 1.25, 3.5, 14.75], "texture": "#1"},
				"west": {"uv": [6, 1, 8, 14.5], "texture": "#1"},
				"up": {"uv": [9, 1, 11, 14.5], "texture": "#1"}
			}
		},
		{
			"from": [3, 1, 7],
			"to": [4, 15, 12],
			"faces": {
				"north": {"uv": [11, 1, 13, 14.5], "texture": "#1"},
				"east": {"uv": [1.5, 1.25, 3.5, 14.75], "texture": "#1"},
				"west": {"uv": [6, 1, 8, 14.5], "texture": "#1"},
				"up": {"uv": [9, 1, 11, 14.5], "texture": "#1"}
			}
		},
		{
			"from": [4, 1, 6],
			"to": [5, 15, 7],
			"faces": {
				"north": {"uv": [11, 1, 13, 14.5], "texture": "#1"},
				"east": {"uv": [1.5, 1.25, 3.5, 14.75], "texture": "#1"},
				"west": {"uv": [6, 1, 8, 14.5], "texture": "#1"},
				"up": {"uv": [9, 1, 11, 14.5], "texture": "#1"}
			}
		},
		{
			"from": [11, 1, 6],
			"to": [12, 15, 7],
			"faces": {
				"north": {"uv": [11, 1, 13, 14.5], "texture": "#1"},
				"east": {"uv": [1.5, 1.25, 3.5, 14.75], "texture": "#1"},
				"west": {"uv": [6, 1, 8, 14.5], "texture": "#1"},
				"up": {"uv": [9, 1, 11, 14.5], "texture": "#1"}
			}
		},
		{
			"from": [10, 1, 5],
			"to": [11, 15, 6],
			"faces": {
				"north": {"uv": [11, 1, 13, 14.5], "texture": "#1"},
				"east": {"uv": [1.5, 1.25, 3.5, 14.75], "texture": "#1"},
				"west": {"uv": [6, 1, 8, 14.5], "texture": "#1"},
				"up": {"uv": [9, 1, 11, 14.5], "texture": "#1"}
			}
		},
		{
			"from": [5, 1, 5],
			"to": [6, 15, 6],
			"faces": {
				"north": {"uv": [11, 1, 13, 14.5], "texture": "#1"},
				"east": {"uv": [1.5, 1.25, 3.5, 14.75], "texture": "#1"},
				"west": {"uv": [6, 1, 8, 14.5], "texture": "#1"},
				"up": {"uv": [9, 1, 11, 14.5], "texture": "#1"}
			}
		},
		{
			"from": [6, 1, 4],
			"to": [10, 15, 5],
			"faces": {
				"north": {"uv": [11, 1, 13, 14.5], "texture": "#1"},
				"east": {"uv": [1.5, 1.25, 3.5, 14.75], "texture": "#1"},
				"west": {"uv": [6, 1, 8, 14.5], "texture": "#1"},
				"up": {"uv": [9, 1, 11, 14.5], "texture": "#1"}
			}
		}
	],
	"display": {
		"thirdperson_righthand": {
			"scale": [3.5, 3.5, 3.5],
			"translation": [-4, -19, 30],
			"rotation": [75, 0, 350]
		},
		"ground": {
			"translation": [0, 1, 0],
			"rotation": [0, 0, 0]
		},
		"gui": {
			"scale": [0.6, 0.6, 0.6],
			"rotation": [0, 163, 0],
			"translation": [0, -0.5, 0]
		},
		"fixed": {
			"translation": [0, -1.5, 0]
		},
		"head": {
			"scale": [4, 4, 4],
			"translation": [0, -18, -3]
		},
		"thirdperson_lefthand": {
			"scale": [4, 4, 4],
			"rotation": [90, 0, 0],
			"translation": [-6, 0, 0]
		},
		"firstperson_righthand": {
			"scale": [0.4, 0.4, 0.4]
		},
		"firstperson_lefthand": {
			"scale": [0.4, 0.4, 0.4]
		}
	}
}