{
    "parent": "item/generated",
    "textures": {
        "layer0": "item/firework_rocket"
    },
    "overrides": [
        {"predicate": {"custom_model_data": 641},"model": "blue/clone"},
        {"predicate": {"custom_model_data": 642},"model": "blue/cloneplaced"},
        {"predicate": {"custom_model_data": 643},"model": "blue/cloningtable"},
		{ "predicate": { "custom_model_data": 644}, "model": "blue/magicalblood/item" },
		{ "predicate": { "custom_model_data": 645}, "model": "blue/magicalblood/block" }
	]
}
